1766876794597	403	172.18.0.2	http://zqktlwiuavvvqqt4ybvgvi7tyo4hjl5xgfuvpdf6otjiycgwqbym2qad.onion/wiki/index.php/Main_Page
1766876799015	200	172.18.0.2	http://2jwcnprqbugvyi6ok2h2h7u26qc6j5wxm7feh3znlh2qu3h6hjld4kyd.onion/
1766876799069	200	172.18.0.2	http://6nhmgdpnyoljh5uzr5kwlatx2u3diou4ldeommfxjz3wkhalzgjqxzqd.onion/
1766876800179	200	172.18.0.2	http://s4k4ceiapwwgcm3mkb6e4diqecpo7kvdnfr5gg7sph7jjppqkvwwqtyd.onion/
1766876801168	200	172.18.0.2	http://2jwcnprqbugvyi6ok2h2h7u26qc6j5wxm7feh3znlh2qu3h6hjld4kyd.onion/favicon.ico
1766876805194	200	172.18.0.2	http://6nhmgdpnyoljh5uzr5kwlatx2u3diou4ldeommfxjz3wkhalzgjqxzqd.onion/index.htm
1766876806478	200	172.18.0.2	http://kl4gp72mdxp3uelicjjslqnpomqfr5cbdd3wzo5klo3rjlqjtzhaymqd.onion/
1766876806652	200	172.18.0.2	http://ymvhtqya23wqpez63gyc3ke4svju3mqsby2awnhd3bk2e65izt7baqad.onion/
1766876806854	200	172.18.0.2	http://s4k4ceiapwwgcm3mkb6e4diqecpo7kvdnfr5gg7sph7jjppqkvwwqtyd.onion/favicon.ico
1766876808100	200	172.18.0.2	http://2ln3x7ru6psileh7il7jot2ufhol4o7nd54z663xonnnmmku4dgkx3ad.onion/
1766876808226	200	172.18.0.2	http://wk3mtlvp2ej64nuytqm3mjrm6gpulix623abum6ewp64444oreysz7qd.onion/
1766876808866	200	172.18.0.2	http://danielas3rtn54uwmofdo3x2bsdifr47huasnmbgqzfrec5ubupvtpid.onion/
1766876808911	200	172.18.0.2	http://usmost4cbpesx552s2s4ti3c4nk2xgiu763vhcs3b4uc4ppp3zwnscyd.onion/
1766876809490	200	172.18.0.2	http://iwggpyxn6qv3b2twpwtyhi2sfvgnby2albbcotcysd5f7obrlwbdbkyd.onion/
1766876809532	200	172.18.0.2	http://enxx3byspwsdo446jujc52ucy2pf5urdbhqw3kbsfhlfjwmbpj5smdad.onion/
1766876809589	200	104.21.29.217	https://darkweblinks.com/
1766876810482	200	172.18.0.2	http://jbtb75gqlr57qurikzy2bxxjftzkmanynesmoxbzzcp7qf5t46u7ekqd.onion/
1766876811117	200	172.18.0.2	http://jhi4v5rjly75ggha26cu2eeyfhwvgbde4w6d75vepwxt2zht5sqfhuqd.onion/
1766876811118	200	172.18.0.2	http://6nhmgdpnyoljh5uzr5kwlatx2u3diou4ldeommfxjz3wkhalzgjqxzqd.onion/favicon.ico
1766876811118	200	172.18.0.2	http://xykxv6fmblogxgmzjm5wt6akdhm4wewiarjzcngev4tupgjlyugmc7qd.onion/
1766876811118	200	172.18.0.2	http://qazkxav4zzmt5xwfw6my362jdwhzrcafz7qpd5kugfgx7z7il5lyb6ad.onion/
1766876811537	200	172.18.0.2	http://wbz2lrxhw4dd7h5t2wnoczmcz5snjpym4pr7dzjmah4vi6yywn37bdyd.onion/
1766876812316	200	172.18.0.2	http://2ln3x7ru6psileh7il7jot2ufhol4o7nd54z663xonnnmmku4dgkx3ad.onion/info.php
1766876813376	200	172.18.0.2	http://3bp7szl6ehbrnitmbyxzvcm3ieu7ba2kys64oecf4g2b65mcgbafzgqd.onion/
1766876813376	200	172.18.0.2	http://kl4gp72mdxp3uelicjjslqnpomqfr5cbdd3wzo5klo3rjlqjtzhaymqd.onion/index.php
1766876813377	200	172.18.0.2	http://ciadotgov4sjwlzihbbgxnqg3xiyrg7so2r2o3lt5wz5ypk4sxyjstad.onion/
1766876813416	200	172.18.0.2	http://ymvhtqya23wqpez63gyc3ke4svju3mqsby2awnhd3bk2e65izt7baqad.onion/login.php
1766876813732	200	140.82.113.4	https://github.com/DanWin/
1766876813766	200	172.18.0.2	http://iwggpyxn6qv3b2twpwtyhi2sfvgnby2albbcotcysd5f7obrlwbdbkyd.onion/favicon.ico
1766876814116	200	116.202.17.147	https://danwin1210.de/
1766876814333	200	18.218.252.235	https://www.credly.com/badges/2652f763-ca8c-4e23-b0a9-939a2f27c83c
1766876814667	200	172.18.0.2	http://kl4gp72mdxp3uelicjjslqnpomqfr5cbdd3wzo5klo3rjlqjtzhaymqd.onion/login.php
1766876815172	200	172.18.0.2	http://ymvhtqya23wqpez63gyc3ke4svju3mqsby2awnhd3bk2e65izt7baqad.onion/register.php
1766876815172	200	172.18.0.2	http://2ln3x7ru6psileh7il7jot2ufhol4o7nd54z663xonnnmmku4dgkx3ad.onion/index.php
1766876815172	200	172.18.0.2	http://wk3mtlvp2ej64nuytqm3mjrm6gpulix623abum6ewp64444oreysz7qd.onion/register.php
1766876815217	200	172.18.0.2	http://danielas3rtn54uwmofdo3x2bsdifr47huasnmbgqzfrec5ubupvtpid.onion/?lang=cs
1766876815556	200	172.18.0.2	http://kl4gp72mdxp3uelicjjslqnpomqfr5cbdd3wzo5klo3rjlqjtzhaymqd.onion/favicon.ico
1766876815741	200	172.18.0.2	http://ymvhtqya23wqpez63gyc3ke4svju3mqsby2awnhd3bk2e65izt7baqad.onion/favicon.ico
1766876815836	200	104.20.24.68	https://securedrop.org/
1766876815938	200	104.26.4.106	https://superbthemes.com/
1766876816083	200	66.155.40.24	https://gmpg.org/xfn/11
1766876816348	200	172.18.0.2	http://usmost4cbpesx552s2s4ti3c4nk2xgiu763vhcs3b4uc4ppp3zwnscyd.onion/register.php
1766876816392	200	172.18.0.2	http://kl4gp72mdxp3uelicjjslqnpomqfr5cbdd3wzo5klo3rjlqjtzhaymqd.onion/info.php
1766876816418	200	104.21.29.217	https://darkweblinks.com/onion-links-in-2025-safe-access-risks-future-guide/
1766876816452	200	185.70.42.45	https://proton.me/tor
1766876816526	200	142.251.111.95	https://fonts.googleapis.com/css?family=Lato%3A300%2C400%2C700%2C900%7CMerriweather%3A400%2C700
1766876816709	200	116.202.120.166	https://www.torproject.org/
1766876816735	403	172.18.0.2	http://zqktlwiuavvvqqt4ybvgvi7tyo4hjl5xgfuvpdf6otjiycgwqbym2qad.onion/
1766876816984	200	46.19.38.63	https://ahmia.fi/
1766876817022	200	172.18.0.2	http://kq4okz5kf4xosbsnvdr45uukjhbm4oameb6k6agjjsydycvflcewl4qd.onion/
1766876817142	200	140.82.113.4	https://github.com/DanWin/main-website/
1766876817515	200	95.174.23.119	https://www.globaleaks.org/
1766876817886	200	172.18.0.2	http://2ln3x7ru6psileh7il7jot2ufhol4o7nd54z663xonnnmmku4dgkx3ad.onion/register.php
1766876817894	200	172.18.0.2	http://iwggpyxn6qv3b2twpwtyhi2sfvgnby2albbcotcysd5f7obrlwbdbkyd.onion/index.php
1766876818016	200	172.18.0.2	http://ymvhtqya23wqpez63gyc3ke4svju3mqsby2awnhd3bk2e65izt7baqad.onion/index.php
1766876818226	200	172.18.0.2	http://wk3mtlvp2ej64nuytqm3mjrm6gpulix623abum6ewp64444oreysz7qd.onion/login.php
1766876818238	200	172.18.0.2	http://kl4gp72mdxp3uelicjjslqnpomqfr5cbdd3wzo5klo3rjlqjtzhaymqd.onion/register.php
1766876818986	200	172.18.0.2	http://wbz2lrxhw4dd7h5t2wnoczmcz5snjpym4pr7dzjmah4vi6yywn37bdyd.onion/login.php
1766876819638	200	172.18.0.2	http://usmost4cbpesx552s2s4ti3c4nk2xgiu763vhcs3b4uc4ppp3zwnscyd.onion/login.php
1766876819639	200	172.18.0.2	http://jbtb75gqlr57qurikzy2bxxjftzkmanynesmoxbzzcp7qf5t46u7ekqd.onion/index.php
1766876819737	200	104.21.29.217	https://darkweblinks.com/wp-content/cache/autoptimize/autoptimize_single_4460f653e28754732a9f718d64c3894b.php?ver=1.0
1766876819762	404	142.251.111.95	https://fonts.googleapis.com/
1766876819870	200	172.18.0.2	http://k6m3fagp4w4wspmdt23fldnwrmknse74gmxosswvaxf3ciasficpenad.onion/
1766876819870	200	172.18.0.2	http://wk3mtlvp2ej64nuytqm3mjrm6gpulix623abum6ewp64444oreysz7qd.onion/index.php
1766876820065	200	172.18.0.2	http://jhi4v5rjly75ggha26cu2eeyfhwvgbde4w6d75vepwxt2zht5sqfhuqd.onion/favicon.ico
1766876820318	200	172.18.0.2	http://usmost4cbpesx552s2s4ti3c4nk2xgiu763vhcs3b4uc4ppp3zwnscyd.onion/favicon.ico
1766876820623	200	172.18.0.2	http://iwggpyxn6qv3b2twpwtyhi2sfvgnby2albbcotcysd5f7obrlwbdbkyd.onion/login.php
1766876820809	200	172.18.0.2	http://2ln3x7ru6psileh7il7jot2ufhol4o7nd54z663xonnnmmku4dgkx3ad.onion/login.php
1766876820910	200	172.18.0.2	http://ymvhtqya23wqpez63gyc3ke4svju3mqsby2awnhd3bk2e65izt7baqad.onion/info.php
1766876821267	200	172.18.0.2	http://qazkxav4zzmt5xwfw6my362jdwhzrcafz7qpd5kugfgx7z7il5lyb6ad.onion/info.php
1766876821340	200	172.18.0.2	http://danielas3rtn54uwmofdo3x2bsdifr47huasnmbgqzfrec5ubupvtpid.onion/imprint.php
1766876821480	200	172.18.0.2	http://xykxv6fmblogxgmzjm5wt6akdhm4wewiarjzcngev4tupgjlyugmc7qd.onion/info.php
1766876822177	200	104.21.29.217	https://darkweblinks.com/comments/feed/
1766876823131	200	172.18.0.2	http://jbtb75gqlr57qurikzy2bxxjftzkmanynesmoxbzzcp7qf5t46u7ekqd.onion/register.php
1766876823260	200	172.18.0.2	http://wk3mtlvp2ej64nuytqm3mjrm6gpulix623abum6ewp64444oreysz7qd.onion/info.php
1766876823878	200	172.18.0.2	http://danielas3rtn54uwmofdo3x2bsdifr47huasnmbgqzfrec5ubupvtpid.onion/?lang=tr
1766876824079	200	172.18.0.2	http://qazkxav4zzmt5xwfw6my362jdwhzrcafz7qpd5kugfgx7z7il5lyb6ad.onion/register.php
1766876824366	200	172.18.0.2	http://2ln3x7ru6psileh7il7jot2ufhol4o7nd54z663xonnnmmku4dgkx3ad.onion/favicon.ico
1766876824502	200	172.18.0.2	http://iwggpyxn6qv3b2twpwtyhi2sfvgnby2albbcotcysd5f7obrlwbdbkyd.onion/register.php
1766876824672	200	172.18.0.2	http://wbz2lrxhw4dd7h5t2wnoczmcz5snjpym4pr7dzjmah4vi6yywn37bdyd.onion/favicon.ico
1766876824769	200	172.18.0.2	http://wk3mtlvp2ej64nuytqm3mjrm6gpulix623abum6ewp64444oreysz7qd.onion/favicon.ico
1766876825149	200	31.13.66.174	https://www.instagram.com/cia
1766876825179	200	172.18.0.2	http://jhi4v5rjly75ggha26cu2eeyfhwvgbde4w6d75vepwxt2zht5sqfhuqd.onion/index.php
1766876825208	200	172.18.0.2	http://xykxv6fmblogxgmzjm5wt6akdhm4wewiarjzcngev4tupgjlyugmc7qd.onion/favicon.ico
1766876825258	200	3.171.38.108	https://www.usa.gov/
1766876825576	200	162.159.140.229	https://twitter.com/cia
1766876825682	200	149.154.167.99	https://t.me/s/securelycontactingcia
1766876825882	200	13.249.39.64	https://www.flickr.com/ciagov
1766876825991	200	192.178.218.190	https://www.youtube.com/cia
1766876826076	200	172.18.0.2	http://usmost4cbpesx552s2s4ti3c4nk2xgiu763vhcs3b4uc4ppp3zwnscyd.onion/info.php
1766876826388	200	104.18.41.41	https://www.linkedin.com/company/central-intelligence-agency
1766876826638	200	172.18.0.2	http://jbtb75gqlr57qurikzy2bxxjftzkmanynesmoxbzzcp7qf5t46u7ekqd.onion/login.php
1766876826949	200	172.18.0.2	http://wbz2lrxhw4dd7h5t2wnoczmcz5snjpym4pr7dzjmah4vi6yywn37bdyd.onion/index.php
1766876827711	200	104.21.29.217	https://darkweblinks.com/best-dark-web-search-engines-2025-secure-access-to-the-dark-web/
1766876827717	200	172.18.0.2	http://3bp7szl6ehbrnitmbyxzvcm3ieu7ba2kys64oecf4g2b65mcgbafzgqd.onion/info.php
1766876828090	200	172.18.0.2	http://usmost4cbpesx552s2s4ti3c4nk2xgiu763vhcs3b4uc4ppp3zwnscyd.onion/index.php
1766876828388	200	172.18.0.2	http://danielas3rtn54uwmofdo3x2bsdifr47huasnmbgqzfrec5ubupvtpid.onion/contact.php
1766876829013	200	172.18.0.2	http://jhi4v5rjly75ggha26cu2eeyfhwvgbde4w6d75vepwxt2zht5sqfhuqd.onion/register.php
1766876829687	200	172.18.0.2	http://qazkxav4zzmt5xwfw6my362jdwhzrcafz7qpd5kugfgx7z7il5lyb6ad.onion/index.php
1766876831040	200	172.18.0.2	http://jbtb75gqlr57qurikzy2bxxjftzkmanynesmoxbzzcp7qf5t46u7ekqd.onion/favicon.ico
1766876831138	200	172.18.0.2	http://3bp7szl6ehbrnitmbyxzvcm3ieu7ba2kys64oecf4g2b65mcgbafzgqd.onion/index.php
1766876832408	200	172.18.0.2	http://wbz2lrxhw4dd7h5t2wnoczmcz5snjpym4pr7dzjmah4vi6yywn37bdyd.onion/register.php
1766876832650	200	172.18.0.2	http://jhi4v5rjly75ggha26cu2eeyfhwvgbde4w6d75vepwxt2zht5sqfhuqd.onion/login.php
1766876833199	200	172.18.0.2	http://ciadotgov4sjwlzihbbgxnqg3xiyrg7so2r2o3lt5wz5ypk4sxyjstad.onion/resources/world-leaders/
1766876833232	200	172.18.0.2	http://danielas3rtn54uwmofdo3x2bsdifr47huasnmbgqzfrec5ubupvtpid.onion/?lang=ru
1766876833661	200	104.21.29.217	https://darkweblinks.com/terms-and-conditions/
1766876833759	200	172.18.0.2	http://qazkxav4zzmt5xwfw6my362jdwhzrcafz7qpd5kugfgx7z7il5lyb6ad.onion/login.php
1766876834229	200	172.18.0.2	http://xykxv6fmblogxgmzjm5wt6akdhm4wewiarjzcngev4tupgjlyugmc7qd.onion/login.php
1766876834971	200	172.18.0.2	http://danielas3rtn54uwmofdo3x2bsdifr47huasnmbgqzfrec5ubupvtpid.onion/privacy.php
1766876835350	200	172.18.0.2	http://qazkxav4zzmt5xwfw6my362jdwhzrcafz7qpd5kugfgx7z7il5lyb6ad.onion/favicon.ico
1766876835419	200	104.21.29.217	https://darkweblinks.com/top-25-active-onion-links-on-the-dark-web-updated-june-2025/
1766876836411	200	172.18.0.2	http://3bp7szl6ehbrnitmbyxzvcm3ieu7ba2kys64oecf4g2b65mcgbafzgqd.onion/register.php
1766876836754	200	172.18.0.2	http://ciadotgov4sjwlzihbbgxnqg3xiyrg7so2r2o3lt5wz5ypk4sxyjstad.onion/about/organization/prepublication-classification-review-board/
1766876837143	200	172.18.0.2	http://xykxv6fmblogxgmzjm5wt6akdhm4wewiarjzcngev4tupgjlyugmc7qd.onion/register.php
1766876837206	200	172.18.0.2	http://danielas3rtn54uwmofdo3x2bsdifr47huasnmbgqzfrec5ubupvtpid.onion/tutorials/
1766876837206	200	172.18.0.2	http://3bp7szl6ehbrnitmbyxzvcm3ieu7ba2kys64oecf4g2b65mcgbafzgqd.onion/favicon.ico
1766876837687	200	104.21.29.217	https://darkweblinks.com/best-dark-web-sites-in-2025-safe-onion-links-guide/
1766876837711	200	104.21.29.217	https://darkweblinks.com/wp-content/uploads/2023/03/cropped-cropped-Official-Logo-180x180.png
1766876838066	200	172.18.0.2	http://danielas3rtn54uwmofdo3x2bsdifr47huasnmbgqzfrec5ubupvtpid.onion/about.php
1766876838407	200	172.18.0.2	http://ciadotgov4sjwlzihbbgxnqg3xiyrg7so2r2o3lt5wz5ypk4sxyjstad.onion/favicon-32x32.png?v=c3853bf09f084a8b1f66c6c2685054a1
1766876840086	200	172.18.0.2	http://kq4okz5kf4xosbsnvdr45uukjhbm4oameb6k6agjjsydycvflcewl4qd.onion/info.php
1766876840168	200	172.18.0.2	http://xykxv6fmblogxgmzjm5wt6akdhm4wewiarjzcngev4tupgjlyugmc7qd.onion/index.php
1766876840190	200	172.18.0.2	http://3bp7szl6ehbrnitmbyxzvcm3ieu7ba2kys64oecf4g2b65mcgbafzgqd.onion/login.php
1766876840904	200	172.18.0.2	http://danielas3rtn54uwmofdo3x2bsdifr47huasnmbgqzfrec5ubupvtpid.onion/?lang=zh-Hans
1766876841119	200	104.21.29.217	https://darkweblinks.com/old-and-short-v2-onion-sites-will-stop-working/
1766876841139	200	104.21.29.217	https://darkweblinks.com/wp-content/uploads/2023/03/cropped-cropped-Official-Logo-192x192.png
1766876842052	200	172.18.0.2	http://danielas3rtn54uwmofdo3x2bsdifr47huasnmbgqzfrec5ubupvtpid.onion/github-ipv6-proxy.php
1766876842830	200	172.18.0.2	http://k6m3fagp4w4wspmdt23fldnwrmknse74gmxosswvaxf3ciasficpenad.onion/register.php
1766876843121	200	172.18.0.2	http://kq4okz5kf4xosbsnvdr45uukjhbm4oameb6k6agjjsydycvflcewl4qd.onion/register.php
1766876844015	200	104.21.29.217	https://darkweblinks.com/wp-json/oembed/1.0/embed?url=https%3A%2F%2Fdarkweblinks.com%2F
1766876844786	200	172.18.0.2	http://danielas3rtn54uwmofdo3x2bsdifr47huasnmbgqzfrec5ubupvtpid.onion/faq.php
1766876845597	200	172.18.0.2	http://ciadotgov4sjwlzihbbgxnqg3xiyrg7so2r2o3lt5wz5ypk4sxyjstad.onion/about/organization/equal-employment-opportunity/no-fear-act
1766876846354	200	172.18.0.2	http://danielas3rtn54uwmofdo3x2bsdifr47huasnmbgqzfrec5ubupvtpid.onion/?lang=de
1766876846394	200	172.18.0.2	http://kq4okz5kf4xosbsnvdr45uukjhbm4oameb6k6agjjsydycvflcewl4qd.onion/login.php
1766876846997	200	172.18.0.2	http://kq4okz5kf4xosbsnvdr45uukjhbm4oameb6k6agjjsydycvflcewl4qd.onion/favicon.ico
1766876847324	200	104.21.29.217	https://darkweblinks.com/xmlrpc.php?rsd
1766876847512	200	172.18.0.2	http://k6m3fagp4w4wspmdt23fldnwrmknse74gmxosswvaxf3ciasficpenad.onion/index.php
1766876848035	200	172.18.0.2	http://kq4okz5kf4xosbsnvdr45uukjhbm4oameb6k6agjjsydycvflcewl4qd.onion/index.php
1766876848861	200	172.18.0.2	http://danielas3rtn54uwmofdo3x2bsdifr47huasnmbgqzfrec5ubupvtpid.onion/blog/
1766876849359	200	172.18.0.2	http://k6m3fagp4w4wspmdt23fldnwrmknse74gmxosswvaxf3ciasficpenad.onion/info.php
1766876849456	200	104.21.29.217	https://darkweblinks.com/wp-content/cache/autoptimize/autoptimize_single_32887eaf2b2e22fd04bc29a7ea2b8b99.php?ver=6.9
1766876849860	200	172.18.0.2	http://k6m3fagp4w4wspmdt23fldnwrmknse74gmxosswvaxf3ciasficpenad.onion/login.php
1766876853466	200	172.18.0.2	http://ciadotgov4sjwlzihbbgxnqg3xiyrg7so2r2o3lt5wz5ypk4sxyjstad.onion/podcast/the-langley-files
1766876854293	200	172.18.0.2	http://danielas3rtn54uwmofdo3x2bsdifr47huasnmbgqzfrec5ubupvtpid.onion/?lang=pt-BR
1766876856038	200	104.21.29.217	https://darkweblinks.com/how-to-visit-the-top-dark-web-sites-in-2025/
1766876856373	200	172.18.0.2	http://ciadotgov4sjwlzihbbgxnqg3xiyrg7so2r2o3lt5wz5ypk4sxyjstad.onion/ehl/
1766876856763	200	172.18.0.2	http://k6m3fagp4w4wspmdt23fldnwrmknse74gmxosswvaxf3ciasficpenad.onion/favicon.ico
1766876857389	200	104.21.29.217	https://darkweblinks.com/wp-json/
1766876857549	200	172.18.0.2	http://danielas3rtn54uwmofdo3x2bsdifr47huasnmbgqzfrec5ubupvtpid.onion/?lang=uk
1766876858525	200	104.21.29.217	https://darkweblinks.com/wp-json/wp/v2/pages/1006
1766876865064	200	172.18.0.2	http://ciadotgov4sjwlzihbbgxnqg3xiyrg7so2r2o3lt5wz5ypk4sxyjstad.onion/tech/
1766876866252	404	104.21.29.217	https://darkweblinks.com/dark-web-sites/
1766876873494	200	172.18.0.2	http://ciadotgov4sjwlzihbbgxnqg3xiyrg7so2r2o3lt5wz5ypk4sxyjstad.onion/site-policies
1766876874780	200	104.21.29.217	https://darkweblinks.com/dark-web-mistakes-to-avoid-2025/
1766876882263	200	172.18.0.2	http://ciadotgov4sjwlzihbbgxnqg3xiyrg7so2r2o3lt5wz5ypk4sxyjstad.onion/careers/working-at-cia/accessibility/
1766876883527	200	104.21.29.217	https://darkweblinks.com/secure-onion-sites-2025/
1766876892873	-1	unknown	http://jgwe5cjqdbyvudjqskaajbfibfewew4pndx52dye7ug3mt3jimmktkid.onion/
1766876893838	200	104.21.29.217	https://darkweblinks.com/privacy-policy/
1766876898868	200	172.18.0.2	http://ciadotgov4sjwlzihbbgxnqg3xiyrg7so2r2o3lt5wz5ypk4sxyjstad.onion/about/organization/
1766876899253	200	104.21.29.217	https://darkweblinks.com/wp-content/cache/autoptimize/autoptimize_single_3421fa08b7bc8b9f6132b26789243e9b.php?ver=6.9
1766876899866	200	172.18.0.2	http://ciadotgov4sjwlzihbbgxnqg3xiyrg7so2r2o3lt5wz5ypk4sxyjstad.onion/icons/icon-96x96.png?v=c3853bf09f084a8b1f66c6c2685054a1/
1766876900815	200	104.21.29.217	https://darkweblinks.com/the-dark-web-in-2025-popular-darknet-sites/
1766876920799	-1	unknown	http://darkzzx4avcsuofgfez5zq75cqc4mprjvfqywo45dfcaxrwqg6qrlfid.onion/
1766876920799	-1	unknown	http://lainwir3s4y5r7mqm3kurzpljyf77vty2hrrfkps6wm4nnnqzest4lqd.onion/
1766876920799	-1	unknown	http://nanochanqzaytwlydykbg5nxkgyjxk3zsrctxuoxdmbx5jbh2ydyprid.onion/
1766876920799	-1	unknown	http://killnod2s77o3axkktdu52aqmmy4acisz2gicbhjm4xbvxa2zfftteyd.onion/
1766876920799	-1	unknown	http://digdeep4orxw6psc33yxa2dgmuycj74zi6334xhxjlgppw6odvkzkiad.onion/
1766876920799	-1	unknown	http://zgeajoabenj2nac6k5cei5qy62iu5yun5gm2vjnxy65r3p3amzykwxqd.onion/
1766876920799	-1	unknown	https://kcmykvkkt3umiyx4xouu3sjo6odz3rolqphy2i2bbdan33g3zrjfjgqd.onion/
1766876921801	-1	unknown	http://theendgtso35ir6ngdtyhgtjhhbbprmkzl74gt5nyeu3ocr34sfa67yd.onion/
1766876921802	-1	unknown	http://lpiyu33yusoalp5kh3f4hak2so2sjjvjw5ykyvu2dulzosgvuffq6sad.onion/
1766876921802	-1	unknown	http://45tbhx5prlejzjgn36nqaxqb6qnm73pbohuvqkpxz2zowh57bxqawkid.onion/
1766876921802	-1	unknown	http://keybase5wmilwokqirssclfnsqrjdsi7jdir5wy7y7iu3tanwmtp6oid.onion/
1766876921801	-1	unknown	http://dngtk6iydmpokbyyk3irqznceft3hze6q6rasrqlz46v7pq4klxnl4yd.onion/
1766876921803	-1	unknown	http://sik5nlgfc5qylnnsr57qrbm64zbdx6t4lreyhpon3ychmxmiem7tioad.onion/
1766876921801	-1	unknown	http://zsxjtsgzborzdllyp64c6pwnjz5eic76bsksbxzqefzogwcydnkjy3yd.onion/
1766876921804	-1	unknown	http://odahix2ysdtqp4lgak4h2rsnd35dmkdx3ndzjbdhk3jiviqkljfjmnqd.onion/
1766876921804	-1	unknown	http://wnrgozz3bmm33em4aln3lrbewf3ikxj7fwglqgla2tpdji4znjp7viqd.onion/
1766876921803	-1	unknown	http://spywaredrcdg5krvjnukp3vbdwiqcv3zwbrcg6qh27kiwecm4qyfphid.onion/
1766876921807	-1	unknown	http://answerszuvs3gg2l64e6hmnryudl5zgrmwm3vh65hzszdghblddvfiqd.onion/
1766876921808	-1	unknown	http://torpastezr7464pevuvdjisbvaf4yqi4n7sgz7lkwgqwxznwy5duj4ad.onion/
1766876921808	-1	unknown	http://4wbwa6vcpvcr3vvf4qkhppgy56urmjcj2vagu2iqgp3z656xcmfdbiqd.onion/
1766876921809	-1	unknown	http://archivebyd3rzt3ehjpm4c3bjkyxv3hjleiytnvxcn7x32psn2kxcuid.onion/
1766876921809	-1	unknown	http://cathug2kyi4ilneggumrenayhuhsvrgn6qv2y47bgeet42iivkpynqad.onion/
1766876921810	-1	unknown	http://libraryfyuybp7oyidyya3ah5xvwgyx6weauoini7zyz555litmmumad.onion/
1766876921808	-1	unknown	http://cgjzkysxa4ru5rhrtr6rafckhexbisbtxwg2fg743cjumioysmirhdad.onion/
1766876921810	-1	unknown	http://privacy2zbidut4m4jyj3ksdqidzkw3uoip2vhvhbvwxbqux5xy5obyd.onion/
1766876921809	-1	unknown	http://ncidetfs7banpz2d7vpndev5somwoki5vwdpfty2k7javniujekit6ad.onion/
1766876921809	-1	unknown	http://eludemailxhnqzfmxehy3bk5guyhlxbunfyhkcksv4gvx6d3wcf6smad.onion/
1766876921809	-1	unknown	http://picochanwvqfa2xsrfzlul4x4aqtog2eljll5qnj5iagpbhx2vmfqnid.onion/
1766876921809	-1	unknown	http://ozmh2zkwx5cjuzopui64csb5ertcooi5vya6c2gm4e3vcvf2c2qvjiyd.onion/
1766876921809	-1	unknown	http://sidignlwz2odjhgcfhbueinmr23v5bubq2x43dskcebh5sbd2qrxtkid.onion/
1766876921809	-1	unknown	http://w27irt6ldaydjoacyovepuzlethuoypazhhbot6tljuywy52emetn7qd.onion/
1766876921809	-1	unknown	http://titanxsu7bfd7vlyyffilprauwngr4acbnz27ulfhyxrqutu7atyptad.onion/
1766876921809	-1	unknown	http://p53lf57qovyuvwsc6xnrppyply3vtqm7l6pcobkmyqsiofyeznfu5uqd.onion/
1766876921808	-1	unknown	http://dhosting4xxoydyaivckq7tsmtgi4wfs3flpeyitekkmqwu4v4r46syd.onion/
1766876921808	-1	unknown	http://cct5wy6mzgmft24xzw6zeaf55aaqmo6324gjlsghdhbiw5gdaaf4pkad.onion/
1766876921808	-1	unknown	http://bombsjy5lsgehdyuevxu5kt3zdw22bfqrhbanc32evab3o3j3dvc7cid.onion/
1766876921808	-1	unknown	http://n6qisfgjauj365pxccpr5vizmtb5iavqaug7m7e4ewkxuygk5iim6yyd.onion/
1766876921841	200	104.21.29.217	https://darkweblinks.com/blog-articles/
1766876921944	200	104.21.29.217	https://darkweblinks.com/wp-content/cache/autoptimize/autoptimize_single_3421fa08b7bc8b9f6132b26789243e9b.php?ver=1.0
1766876922564	200	172.18.0.2	http://ciadotgov4sjwlzihbbgxnqg3xiyrg7so2r2o3lt5wz5ypk4sxyjstad.onion/stories/story/air-america-anything-anytime-anywhere-professionally/
1766876922570	-1	unknown	http://dds6qkxpwdeubwucdiaord2xgbbeyds25rbsgr73tbfpqpt4a6vjwsyd.onion/
1766876922570	-1	unknown	http://p2qzxkca42e3wccvqgby7jrcbzlf6g7pnkvybnau4szl5ykdydzmvbid.onion/
1766876922571	-1	unknown	http://7sk2kov2xwx6cbc32phynrifegg6pklmzs7luwcggtzrnlsolxxuyfyd.onion/
1766876922572	-1	unknown	http://meynethaffeecapsvfphrcnfrx44w2nskgls2juwitibvqctk2plvhqd.onion/
1766876922571	-1	unknown	http://s57divisqlcjtsyutxjz2ww77vlbwpxgodtijcsrgsuts4js5hnxkhqd.onion/
1766876922803	-1	unknown	http://hzwjmjimhr7bdmfv2doll4upibt5ojjmpo3pbp5ctwcg37n3hyk7qzid.onion/
1766876922898	200	104.21.29.217	https://darkweblinks.com/dark-web-links-a-safe-and-modern-overview-2025-edition/
1766876923655	-1	unknown	http://g7ejphhubv5idbbu3hb3wawrs5adw7tkx7yjabnf65xtzztgg4hcsqqd.onion/
1766876923656	-1	unknown	http://vhlehwexxmbnvecbmsk4ormttdvhlhbnyabai4cithvizzaduf3gmayd.onion/
1766876923655	-1	unknown	http://xdkriz6cn2avvcr2vks5lvvtmfojz2ohjzj4fhyuka55mvljeso2ztqd.onion/
1766876923656	-1	unknown	http://7mejofwihleuugda5kfnr7tupvfbaqntjqnfxc4hwmozlcmj2cey3hqd.onion/
1766876923655	-1	unknown	http://prjd5pmbug2cnfs67s3y65ods27vamswdaw2lnwf45ys3pjl55h2gwqd.onion/
1766876923655	-1	unknown	http://kx5thpx2olielkihfyo4jgjqfb7zx7wxr3sd4xzt26ochei4m6f7tayd.onion/
1766876923655	-1	unknown	http://lqcjo7esbfog5t4r4gyy7jurpzf6cavpfmc4vkal4k2g4ie66ao5mryd.onion/
1766876923655	-1	unknown	http://xf2gry25d3tyxkiu2xlvczd3q7jl6yyhtpodevjugnxia2u665asozad.onion/
1766876923655	-1	unknown	http://gd5x24pjoan2pddc2fs6jlmnqbawq562d2qyk6ym4peu5ihzy6gd4jad.onion/
1766876923656	-1	unknown	http://bible4u2lvhacg4b3to2e2veqpwmrc2c3tjf2wuuqiz332vlwmr4xbad.onion/
1766876923656	-1	unknown	http://rfyb5tlhiqtiavwhikdlvb3fumxgqwtg2naanxtiqibidqlox5vispqd.onion/
1766876923656	-1	unknown	http://blkchairbknpn73cfjhevhla7rkp4ed5gg2knctvv7it4lioy22defid.onion/
1766876923656	-1	unknown	http://hqfld5smkr4b4xrjcco7zotvoqhuuoehjdvoin755iytmpk4sm7cbwad.onion/
1766876923662	-1	unknown	http://uescqfrcztbhb6tmhdlbejrjfwgtpckcoiwmwq5bfq5hhkwfioan7qad.onion/
1766876923680	200	104.21.29.217	https://darkweblinks.com/dark-web-statistics-trends-2025-data-insights/
1766876923704	200	104.21.29.217	https://darkweblinks.com/wp-content/uploads/2023/03/cropped-cropped-Official-Logo-32x32.png
1766876924661	-1	unknown	http://mp3fpv6xbrwka4skqliiifoizghfbjy5uyu77wwnfruwub5s4hly2oid.onion/
1766876924662	-1	unknown	http://ajlu6mrc7lwulwakojrgvvtarotvkvxqosb4psxljgobjhureve4kdqd.onion/
1766876924662	-1	unknown	http://spore64i5sofqlfz5gq2ju4msgzojjwifls7rok2cti624zyq3fcelad.onion/
1766876924662	-1	unknown	http://guzjgkpodzshso2nohspxijzk5jgoaxzqioa7vzy6qdmwpz3hq4mwfid.onion/
1766876924662	-1	unknown	http://kaizushih5iec2mxohpvbt5uaapqdnbluaasa2cmsrrjtwrbx46cnaid.onion/
1766876924661	200	104.21.29.217	https://darkweblinks.com/dark-web-links-a-big-explanation-you-should-know-about-it/
1766876924661	-1	unknown	http://6hasakffvppilxgehrswmffqurlcjjjhd76jgvaqmsg6ul25s7t3rzyd.onion/
1766876924661	-1	unknown	http://y22arit74fqnnc2pbieq3wqqvkfub6gnlegx3cl6thclos4f7ya7rvad.onion/
1766876924661	-1	unknown	https://protonmailrmez3lotccipshtkleegetolb73fuirgj7r4o4vfu7ozyd.onion/
1766876924661	-1	unknown	http://rxmyl3izgquew65nicavsk6loyyblztng6puq42firpvbe32sefvnbad.onion/
1766876924661	-1	unknown	http://t43fsf65omvf7grt46wlt2eo5jbj3hafyvbdb7jtr2biyre5v24pebad.onion/
1766876924661	-1	unknown	http://stormwayszuh4juycoy4kwoww5gvcu2c4tdtpkup667pdwe4qenzwayd.onion/
1766876925612	200	104.21.29.217	https://darkweblinks.com/the-hidden-wiki-in-2025-real-link-or-dangerous-clone/
1766876925664	-1	unknown	http://vww6ybal4bd7szmgncyruucpgfkqahzddi37ktceo3ah7ngmcopnpyyd.onion/
1766876925664	-1	unknown	http://lldan5gahapx5k7iafb3s4ikijc4ni7gx5iywdflkba5y2ezyg6sjgyd.onion/
1766876925664	-1	unknown	http://4usoivrpy52lmc4mgn2h34cmfiltslesthr56yttv2pxudd3dapqciyd.onion/
1766876925665	-1	unknown	https://5gdvpfoh6kb2iqbizb37lzk2ddzrwa47m6rpdueg2m656fovmbhoptqd.onion/
1766876925665	-1	unknown	http://paavlaytlfsqyvkg3yqj7hflfg5jw2jdg2fgkza5ruf6lplwseeqtvyd.onion/
1766876925670	-1	unknown	http://www.qubesosfasa4zl44o4tws22di6kepyzfeqv3tg4e3ztknltfxqrymdad.onion/
1766876925676	-1	unknown	http://sga5n7zx6qjty7uwvkxpwstyoh73shst6mx3okouv53uks7ks47msayd.onion/
1766876926557	200	104.21.29.217	https://darkweblinks.com/would-you-get-malware-by-visiting-a-dark-web-website/
1766876926664	-1	unknown	http://wasabiukrxmkdgve5kynjztuovbg43uxcbcxn6y2okcrsg7gb6jdmbad.onion/
1766876926664	-1	unknown	http://55niksbd22qqaedkw36qw4cpofmbxdtbwonxam7ov2ga62zqbhgty3yd.onion/
1766876926664	-1	unknown	http://ovai7wvp4yj6jl3wbzihypbq657vpape7lggrlah4pl34utwjrpetwid.onion/
1766876926665	-1	unknown	http://sonarmsng5vzwqezlvtu2iiwwdn3dxkhotftikhowpfjuzg7p3ca5eid.onion/
1766876926665	-1	unknown	http://explorerzydxu5ecjrkwceayqybizmpjjznk5izmitf2modhcusuqlid.onion/
1766876926665	-1	unknown	http://reycdxyc24gf7jrnwutzdn3smmweizedy7uojsa7ols6sflwu25ijoyd.onion/
1766876926669	-1	unknown	http://jptvwdeyknkv6oiwjtr2kxzehfnmcujl7rf7vytaikmwlvze773uiyyd.onion/
1766876927507	200	104.21.29.217	https://darkweblinks.com/dark-web-links-where-to-get-real-links-how-to-use-them/
1766876927667	-1	unknown	http://okayd5ljzdv4gzrtiqlhtzjbflymfny2bxc2eacej3tamu2nyka7bxad.onion/
1766876928669	-1	unknown	http://lkqx6qn7whctpdjhcoohpoyi6ahtrveuii7kq2m647ssvo5skqp7ioad.onion/
1766876928669	-1	unknown	http://xjfbpuj56rdazx4iolylxplbvyft2onuerjeimlcqwaihp3s6r4xebqd.onion/
1766876928943	200	104.21.29.217	https://darkweblinks.com/feed/
1766876929671	-1	unknown	http://nv3x2jozywh63fkohn5mwp2d73vasusjixn3im3ueof52fmbjsigw6ad.onion/
1766876929671	-1	unknown	http://2gzyxa5ihm7nsggfxnu52rck2vv4rvmdlkiu3zzui5du4xyclen53wid.onion/
1766876929676	-1	unknown	http://fwfwqtpi2ofmehzdxe3e2htqfmhwfciwivpnsztv7dvpuamhr72ktlqd.onion/
1766876929676	-1	unknown	http://he5dybnt7sr6cm32xt77pazmtm65flqy6irivtflruqfc5ep7eiodiad.onion/
1766876932714	200	172.18.0.2	http://ciadotgov4sjwlzihbbgxnqg3xiyrg7so2r2o3lt5wz5ypk4sxyjstad.onion/sitemap
1766876936697	-1	unknown	http://darkfailllnkf4vf.onion/
1766876937704	-1	unknown	http://danielas3rtn54uwmofdo3x2bsdifr47huasnmbgqzfrec5ubupvtpid.onion/mail/
1766876938713	200	172.18.0.2	http://ciadotgov4sjwlzihbbgxnqg3xiyrg7so2r2o3lt5wz5ypk4sxyjstad.onion/stories/press-releases-and-statements/
1766876940351	200	172.18.0.2	http://ciadotgov4sjwlzihbbgxnqg3xiyrg7so2r2o3lt5wz5ypk4sxyjstad.onion/readingroom/
1766876943499	200	172.18.0.2	http://ciadotgov4sjwlzihbbgxnqg3xiyrg7so2r2o3lt5wz5ypk4sxyjstad.onion/partner-with-cia/
1766876948199	200	172.18.0.2	http://ciadotgov4sjwlzihbbgxnqg3xiyrg7so2r2o3lt5wz5ypk4sxyjstad.onion/legacy/memorial-wall/fallen/
1766876950411	-1	unknown	http://7sk2kov2xwx6cbc32phynrifegg6pklmzs7luwcggtzrnlsolxxuyfyd.onion/en/index.html
1766876952367	200	172.18.0.2	http://ciadotgov4sjwlzihbbgxnqg3xiyrg7so2r2o3lt5wz5ypk4sxyjstad.onion/resources/publications/
1766876976937	200	172.18.0.2	http://ciadotgov4sjwlzihbbgxnqg3xiyrg7so2r2o3lt5wz5ypk4sxyjstad.onion/the-world-factbook/
1766876984010	200	172.18.0.2	http://ciadotgov4sjwlzihbbgxnqg3xiyrg7so2r2o3lt5wz5ypk4sxyjstad.onion/legacy/
1766876988087	200	172.18.0.2	http://ciadotgov4sjwlzihbbgxnqg3xiyrg7so2r2o3lt5wz5ypk4sxyjstad.onion/contact-cia
1766876991987	200	172.18.0.2	http://ciadotgov4sjwlzihbbgxnqg3xiyrg7so2r2o3lt5wz5ypk4sxyjstad.onion/about/
1766876996858	200	172.18.0.2	http://ciadotgov4sjwlzihbbgxnqg3xiyrg7so2r2o3lt5wz5ypk4sxyjstad.onion/privacy_policy/
1766877001539	200	172.18.0.2	http://ciadotgov4sjwlzihbbgxnqg3xiyrg7so2r2o3lt5wz5ypk4sxyjstad.onion/careers/working-at-cia/benefits/
1766877002460	-1	unknown	http://ciadotgov4sjwlzihbbgxnqg3xiyrg7so2r2o3lt5wz5ypk4sxyjstad.onion/search
1766877009602	200	172.18.0.2	http://ciadotgov4sjwlzihbbgxnqg3xiyrg7so2r2o3lt5wz5ypk4sxyjstad.onion/legacy/cia-history/cia-trailblazers/
1766877016221	200	172.18.0.2	http://ciadotgov4sjwlzihbbgxnqg3xiyrg7so2r2o3lt5wz5ypk4sxyjstad.onion/careers/
1766877022462	200	172.18.0.2	http://ciadotgov4sjwlzihbbgxnqg3xiyrg7so2r2o3lt5wz5ypk4sxyjstad.onion/resources/
1766877023484	-1	unknown	http://ciadotgov4sjwlzihbbgxnqg3xiyrg7so2r2o3lt5wz5ypk4sxyjstad.onion/icons/icon-512x512.png?v=c3853bf09f084a8b1f66c6c2685054a1/
1766877026197	-1	unknown	http://ciadotgov4sjwlzihbbgxnqg3xiyrg7so2r2o3lt5wz5ypk4sxyjstad.onion/careers
1766877027924	-1	unknown	http://ciadotgov4sjwlzihbbgxnqg3xiyrg7so2r2o3lt5wz5ypk4sxyjstad.onion/stories/speeches-and-transcripts/
1766877029633	-1	unknown	http://ciadotgov4sjwlzihbbgxnqg3xiyrg7so2r2o3lt5wz5ypk4sxyjstad.onion/legacy/museum/
1766877031788	-1	unknown	http://ciadotgov4sjwlzihbbgxnqg3xiyrg7so2r2o3lt5wz5ypk4sxyjstad.onion/legacy/headquarters/
1766877034185	-1	unknown	http://ciadotgov4sjwlzihbbgxnqg3xiyrg7so2r2o3lt5wz5ypk4sxyjstad.onion/careers/how-we-hire/
1766877037634	-1	unknown	http://ciadotgov4sjwlzihbbgxnqg3xiyrg7so2r2o3lt5wz5ypk4sxyjstad.onion/report-information
1766877040484	-1	unknown	http://ciadotgov4sjwlzihbbgxnqg3xiyrg7so2r2o3lt5wz5ypk4sxyjstad.onion/resources/cia-maps/
1766877042291	-1	unknown	http://ciadotgov4sjwlzihbbgxnqg3xiyrg7so2r2o3lt5wz5ypk4sxyjstad.onion/icons/icon-256x256.png?v=c3853bf09f084a8b1f66c6c2685054a1/
1766877043351	-1	unknown	http://ciadotgov4sjwlzihbbgxnqg3xiyrg7so2r2o3lt5wz5ypk4sxyjstad.onion/careers/accommodations/
1766877045246	-1	unknown	http://ciadotgov4sjwlzihbbgxnqg3xiyrg7so2r2o3lt5wz5ypk4sxyjstad.onion/sitemap/sitemap-index.xml/
1766877047602	-1	unknown	http://ciadotgov4sjwlzihbbgxnqg3xiyrg7so2r2o3lt5wz5ypk4sxyjstad.onion/the-world-factbook
1766877050113	-1	unknown	http://ciadotgov4sjwlzihbbgxnqg3xiyrg7so2r2o3lt5wz5ypk4sxyjstad.onion/icons/icon-48x48.png?v=c3853bf09f084a8b1f66c6c2685054a1/
1766877050914	-1	unknown	http://ciadotgov4sjwlzihbbgxnqg3xiyrg7so2r2o3lt5wz5ypk4sxyjstad.onion/careers/working-at-cia/veterans/
1766877053559	-1	unknown	http://ciadotgov4sjwlzihbbgxnqg3xiyrg7so2r2o3lt5wz5ypk4sxyjstad.onion/icons/icon-192x192.png?v=c3853bf09f084a8b1f66c6c2685054a1/
1766877054599	-1	unknown	http://ciadotgov4sjwlzihbbgxnqg3xiyrg7so2r2o3lt5wz5ypk4sxyjstad.onion/resources/csi/
1766877057865	-1	unknown	http://ciadotgov4sjwlzihbbgxnqg3xiyrg7so2r2o3lt5wz5ypk4sxyjstad.onion/about/director-of-cia/
1766877061795	-1	unknown	http://ciadotgov4sjwlzihbbgxnqg3xiyrg7so2r2o3lt5wz5ypk4sxyjstad.onion/stories/story/oss-tales-a-christmas-carol/
1766877064426	-1	unknown	http://ciadotgov4sjwlzihbbgxnqg3xiyrg7so2r2o3lt5wz5ypk4sxyjstad.onion/icons/icon-72x72.png?v=c3853bf09f084a8b1f66c6c2685054a1/
1766877065358	-1	unknown	http://ciadotgov4sjwlzihbbgxnqg3xiyrg7so2r2o3lt5wz5ypk4sxyjstad.onion/about/mission-vision/
1766877068313	-1	unknown	http://ciadotgov4sjwlzihbbgxnqg3xiyrg7so2r2o3lt5wz5ypk4sxyjstad.onion/legacy/cia-history/
1766877070102	-1	unknown	http://ciadotgov4sjwlzihbbgxnqg3xiyrg7so2r2o3lt5wz5ypk4sxyjstad.onion/stories/
1766877072016	-1	unknown	http://ciadotgov4sjwlzihbbgxnqg3xiyrg7so2r2o3lt5wz5ypk4sxyjstad.onion/about/organization/privacy-and-civil-liberties/
1766877073133	-1	unknown	http://ciadotgov4sjwlzihbbgxnqg3xiyrg7so2r2o3lt5wz5ypk4sxyjstad.onion/manifest.webmanifest
1766877074556	-1	unknown	http://ciadotgov4sjwlzihbbgxnqg3xiyrg7so2r2o3lt5wz5ypk4sxyjstad.onion/about/organization/privacy-and-civil-liberties
1766877077818	-1	unknown	http://ciadotgov4sjwlzihbbgxnqg3xiyrg7so2r2o3lt5wz5ypk4sxyjstad.onion/icons/icon-384x384.png?v=c3853bf09f084a8b1f66c6c2685054a1/
1766877080773	-1	unknown	http://ciadotgov4sjwlzihbbgxnqg3xiyrg7so2r2o3lt5wz5ypk4sxyjstad.onion/about/organization/inspector-general
1766877083259	-1	unknown	http://ciadotgov4sjwlzihbbgxnqg3xiyrg7so2r2o3lt5wz5ypk4sxyjstad.onion/stories/story/our-men-in-havana/
1766877084909	-1	unknown	http://ciadotgov4sjwlzihbbgxnqg3xiyrg7so2r2o3lt5wz5ypk4sxyjstad.onion/about/organization/equal-employment-opportunity/elijah-cummings-act
1766877086478	-1	unknown	http://ciadotgov4sjwlzihbbgxnqg3xiyrg7so2r2o3lt5wz5ypk4sxyjstad.onion/spy-kids/
1766877089289	-1	unknown	http://ciadotgov4sjwlzihbbgxnqg3xiyrg7so2r2o3lt5wz5ypk4sxyjstad.onion/icons/icon-144x144.png?v=c3853bf09f084a8b1f66c6c2685054a1/
1766877090130	-1	unknown	http://ciadotgov4sjwlzihbbgxnqg3xiyrg7so2r2o3lt5wz5ypk4sxyjstad.onion/resources/reports/
1766877092764	-1	unknown	http://ciadotgov4sjwlzihbbgxnqg3xiyrg7so2r2o3lt5wz5ypk4sxyjstad.onion/careers/student-programs/
